Algorithm,Log Source,Log,Drift Types,Detected Changepoints,Actual Changepoints for Log,Duration (Seconds),Duration (hh:mm:ss),Parameter Settings,Dataset,n_cases
CVDrift,bose_log.xes,bose_log.xes,routing,"[1175, 3650, 4400, 4780]","[1199, 2399, 3599, 4799]",1006.625,00:16:46,{},bose,6000.0
CVDrift,sudden_trace_noise0_1000_IOR.xes,sudden_trace_noise0_1000_IOR.xes,routing,[445],[500],30.225,00:00:30,{},ceravolo,1000.0
CVDrift,sudden_trace_noise0_1000_IRO.xes,sudden_trace_noise0_1000_IRO.xes,routing,[450],[500],51.445,00:00:51,{},ceravolo,1000.0
CVDrift,sudden_trace_noise0_1000_OIR.xes,sudden_trace_noise0_1000_OIR.xes,routing,[457],[500],28.74,00:00:28,{},ceravolo,1000.0
CVDrift,sudden_trace_noise0_1000_RIO.xes,sudden_trace_noise0_1000_RIO.xes,routing,[],[500],25.352,00:00:25,{},ceravolo,1000.0
CVDrift,sudden_trace_noise0_1000_ROI.xes,sudden_trace_noise0_1000_ROI.xes,routing,[462],[500],24.526,00:00:24,{},ceravolo,1000.0
CVDrift,sudden_trace_noise0_1000_cb.xes,sudden_trace_noise0_1000_cb.xes,routing,[442],[500],30.761,00:00:30,{},ceravolo,1000.0
CVDrift,sudden_trace_noise0_1000_cd.xes,sudden_trace_noise0_1000_cd.xes,routing,[305],[500],30.093,00:00:30,{},ceravolo,1000.0
CVDrift,sudden_trace_noise0_1000_cf.xes,sudden_trace_noise0_1000_cf.xes,routing,[444],[500],30.897,00:00:30,{},ceravolo,1000.0
CVDrift,sudden_trace_noise0_1000_cp.xes,sudden_trace_noise0_1000_cp.xes,routing,[480],[500],34.193,00:00:34,{},ceravolo,1000.0
CVDrift,sudden_trace_noise0_1000_lp.xes,sudden_trace_noise0_1000_lp.xes,routing,[],[500],24.81,00:00:24,{},ceravolo,1000.0
CVDrift,sudden_trace_noise0_1000_pl.xes,sudden_trace_noise0_1000_pl.xes,routing,[],[500],20.145,00:00:20,{},ceravolo,1000.0
CVDrift,sudden_trace_noise0_1000_pm.xes,sudden_trace_noise0_1000_pm.xes,routing,[446],[500],26.372,00:00:26,{},ceravolo,1000.0
CVDrift,sudden_trace_noise0_1000_re.xes,sudden_trace_noise0_1000_re.xes,routing,"[95, 480]",[500],45.78,00:00:45,{},ceravolo,1000.0
CVDrift,sudden_trace_noise0_1000_rp.xes,sudden_trace_noise0_1000_rp.xes,routing,[],[500],53.863,00:00:53,{},ceravolo,1000.0
CVDrift,sudden_trace_noise0_1000_sw.xes,sudden_trace_noise0_1000_sw.xes,routing,[445],[500],68.623,00:01:08,{},ceravolo,1000.0
CVDrift,sudden_trace_noise10_1000_IOR.xes,sudden_trace_noise10_1000_IOR.xes,routing,[445],[500],59.583,00:00:59,{},ceravolo,1000.0
CVDrift,sudden_trace_noise10_1000_IRO.xes,sudden_trace_noise10_1000_IRO.xes,routing,[444],[500],67.124,00:01:07,{},ceravolo,1000.0
CVDrift,sudden_trace_noise10_1000_OIR.xes,sudden_trace_noise10_1000_OIR.xes,routing,[457],[500],73.499,00:01:13,{},ceravolo,1000.0
CVDrift,sudden_trace_noise10_1000_RIO.xes,sudden_trace_noise10_1000_RIO.xes,routing,[445],[500],52.562,00:00:52,{},ceravolo,1000.0
CVDrift,sudden_trace_noise10_1000_ROI.xes,sudden_trace_noise10_1000_ROI.xes,routing,[462],[500],26.83,00:00:26,{},ceravolo,1000.0
CVDrift,sudden_trace_noise10_1000_cb.xes,sudden_trace_noise10_1000_cb.xes,routing,[442],[500],26.601,00:00:26,{},ceravolo,1000.0
CVDrift,sudden_trace_noise10_1000_cd.xes,sudden_trace_noise10_1000_cd.xes,routing,[320],[500],21.205,00:00:21,{},ceravolo,1000.0
CVDrift,sudden_trace_noise10_1000_cf.xes,sudden_trace_noise10_1000_cf.xes,routing,[444],[500],26.764,00:00:26,{},ceravolo,1000.0
CVDrift,sudden_trace_noise10_1000_cp.xes,sudden_trace_noise10_1000_cp.xes,routing,[480],[500],31.218,00:00:31,{},ceravolo,1000.0
CVDrift,sudden_trace_noise10_1000_lp.xes,sudden_trace_noise10_1000_lp.xes,routing,[],[500],25.325,00:00:25,{},ceravolo,1000.0
CVDrift,sudden_trace_noise10_1000_pl.xes,sudden_trace_noise10_1000_pl.xes,routing,[],[500],22.439,00:00:22,{},ceravolo,1000.0
CVDrift,sudden_trace_noise10_1000_pm.xes,sudden_trace_noise10_1000_pm.xes,routing,[446],[500],44.138,00:00:44,{},ceravolo,1000.0
CVDrift,sudden_trace_noise10_1000_re.xes,sudden_trace_noise10_1000_re.xes,routing,"[95, 445]",[500],34.14,00:00:34,{},ceravolo,1000.0
CVDrift,sudden_trace_noise10_1000_rp.xes,sudden_trace_noise10_1000_rp.xes,routing,[460],[500],24.512,00:00:24,{},ceravolo,1000.0
CVDrift,sudden_trace_noise10_1000_sw.xes,sudden_trace_noise10_1000_sw.xes,routing,"[380, 450]",[500],30.074,00:00:30,{},ceravolo,1000.0
CVDrift,sudden_trace_noise15_1000_IOR.xes,sudden_trace_noise15_1000_IOR.xes,routing,[445],[500],31.686,00:00:31,{},ceravolo,1000.0
CVDrift,sudden_trace_noise15_1000_IRO.xes,sudden_trace_noise15_1000_IRO.xes,routing,[440],[500],39.932,00:00:39,{},ceravolo,1000.0
CVDrift,sudden_trace_noise15_1000_OIR.xes,sudden_trace_noise15_1000_OIR.xes,routing,[457],[500],26.451,00:00:26,{},ceravolo,1000.0
CVDrift,sudden_trace_noise15_1000_RIO.xes,sudden_trace_noise15_1000_RIO.xes,routing,[441],[500],25.08,00:00:25,{},ceravolo,1000.0
CVDrift,sudden_trace_noise15_1000_ROI.xes,sudden_trace_noise15_1000_ROI.xes,routing,[462],[500],23.907,00:00:23,{},ceravolo,1000.0
CVDrift,sudden_trace_noise15_1000_cb.xes,sudden_trace_noise15_1000_cb.xes,routing,[442],[500],24.578,00:00:24,{},ceravolo,1000.0
CVDrift,sudden_trace_noise15_1000_cd.xes,sudden_trace_noise15_1000_cd.xes,routing,[320],[500],24.469,00:00:24,{},ceravolo,1000.0
CVDrift,sudden_trace_noise15_1000_cf.xes,sudden_trace_noise15_1000_cf.xes,routing,[461],[500],22.009,00:00:22,{},ceravolo,1000.0
CVDrift,sudden_trace_noise15_1000_cp.xes,sudden_trace_noise15_1000_cp.xes,routing,[480],[500],30.208,00:00:30,{},ceravolo,1000.0
CVDrift,sudden_trace_noise15_1000_lp.xes,sudden_trace_noise15_1000_lp.xes,routing,[],[500],23.947,00:00:23,{},ceravolo,1000.0
CVDrift,sudden_trace_noise15_1000_pl.xes,sudden_trace_noise15_1000_pl.xes,routing,[],[500],21.833,00:00:21,{},ceravolo,1000.0
CVDrift,sudden_trace_noise15_1000_pm.xes,sudden_trace_noise15_1000_pm.xes,routing,[446],[500],27.204,00:00:27,{},ceravolo,1000.0
CVDrift,sudden_trace_noise15_1000_re.xes,sudden_trace_noise15_1000_re.xes,routing,"[95, 442]",[500],33.502,00:00:33,{},ceravolo,1000.0
CVDrift,sudden_trace_noise15_1000_rp.xes,sudden_trace_noise15_1000_rp.xes,routing,[437],[500],32.4,00:00:32,{},ceravolo,1000.0
CVDrift,sudden_trace_noise15_1000_sw.xes,sudden_trace_noise15_1000_sw.xes,routing,"[380, 445]",[500],30.1,00:00:30,{},ceravolo,1000.0
CVDrift,sudden_trace_noise20_1000_IOR.xes,sudden_trace_noise20_1000_IOR.xes,routing,[445],[500],27.123,00:00:27,{},ceravolo,1000.0
CVDrift,sudden_trace_noise20_1000_IRO.xes,sudden_trace_noise20_1000_IRO.xes,routing,"[440, 870]",[500],32.299,00:00:32,{},ceravolo,1000.0
CVDrift,sudden_trace_noise20_1000_OIR.xes,sudden_trace_noise20_1000_OIR.xes,routing,[457],[500],45.36,00:00:45,{},ceravolo,1000.0
CVDrift,sudden_trace_noise20_1000_RIO.xes,sudden_trace_noise20_1000_RIO.xes,routing,[442],[500],29.699,00:00:29,{},ceravolo,1000.0
CVDrift,sudden_trace_noise20_1000_ROI.xes,sudden_trace_noise20_1000_ROI.xes,routing,[460],[500],25.033,00:00:25,{},ceravolo,1000.0
CVDrift,sudden_trace_noise20_1000_cb.xes,sudden_trace_noise20_1000_cb.xes,routing,[442],[500],24.734,00:00:24,{},ceravolo,1000.0
CVDrift,sudden_trace_noise20_1000_cd.xes,sudden_trace_noise20_1000_cd.xes,routing,[140],[500],23.45,00:00:23,{},ceravolo,1000.0
CVDrift,sudden_trace_noise20_1000_cf.xes,sudden_trace_noise20_1000_cf.xes,routing,[447],[500],23.113,00:00:23,{},ceravolo,1000.0
CVDrift,sudden_trace_noise20_1000_cp.xes,sudden_trace_noise20_1000_cp.xes,routing,[480],[500],30.847,00:00:30,{},ceravolo,1000.0
CVDrift,sudden_trace_noise20_1000_lp.xes,sudden_trace_noise20_1000_lp.xes,routing,[],[500],28.973,00:00:28,{},ceravolo,1000.0
CVDrift,sudden_trace_noise20_1000_pl.xes,sudden_trace_noise20_1000_pl.xes,routing,[],[500],20.248,00:00:20,{},ceravolo,1000.0
CVDrift,sudden_trace_noise20_1000_pm.xes,sudden_trace_noise20_1000_pm.xes,routing,[445],[500],22.3,00:00:22,{},ceravolo,1000.0
CVDrift,sudden_trace_noise20_1000_re.xes,sudden_trace_noise20_1000_re.xes,routing,"[95, 480]",[500],37.447,00:00:37,{},ceravolo,1000.0
CVDrift,sudden_trace_noise20_1000_rp.xes,sudden_trace_noise20_1000_rp.xes,routing,"[90, 460]",[500],27.234,00:00:27,{},ceravolo,1000.0
CVDrift,sudden_trace_noise20_1000_sw.xes,sudden_trace_noise20_1000_sw.xes,routing,[450],[500],23.566,00:00:23,{},ceravolo,1000.0
CVDrift,sudden_trace_noise5_1000_IOR.xes,sudden_trace_noise5_1000_IOR.xes,routing,[445],[500],26.098,00:00:26,{},ceravolo,1000.0
CVDrift,sudden_trace_noise5_1000_IRO.xes,sudden_trace_noise5_1000_IRO.xes,routing,[440],[500],29.985,00:00:29,{},ceravolo,1000.0
CVDrift,sudden_trace_noise5_1000_OIR.xes,sudden_trace_noise5_1000_OIR.xes,routing,[457],[500],27.093,00:00:27,{},ceravolo,1000.0
CVDrift,sudden_trace_noise5_1000_RIO.xes,sudden_trace_noise5_1000_RIO.xes,routing,[440],[500],25.428,00:00:25,{},ceravolo,1000.0
CVDrift,sudden_trace_noise5_1000_ROI.xes,sudden_trace_noise5_1000_ROI.xes,routing,[462],[500],24.802,00:00:24,{},ceravolo,1000.0
CVDrift,sudden_trace_noise5_1000_cb.xes,sudden_trace_noise5_1000_cb.xes,routing,[442],[500],25.182,00:00:25,{},ceravolo,1000.0
CVDrift,sudden_trace_noise5_1000_cd.xes,sudden_trace_noise5_1000_cd.xes,routing,[320],[500],22.752,00:00:22,{},ceravolo,1000.0
CVDrift,sudden_trace_noise5_1000_cf.xes,sudden_trace_noise5_1000_cf.xes,routing,[426],[500],27.708,00:00:27,{},ceravolo,1000.0
CVDrift,sudden_trace_noise5_1000_cp.xes,sudden_trace_noise5_1000_cp.xes,routing,[480],[500],61.008,00:01:01,{},ceravolo,1000.0
CVDrift,sudden_trace_noise5_1000_lp.xes,sudden_trace_noise5_1000_lp.xes,routing,[],[500],40.712,00:00:40,{},ceravolo,1000.0
CVDrift,sudden_trace_noise5_1000_pl.xes,sudden_trace_noise5_1000_pl.xes,routing,[],[500],30.369,00:00:30,{},ceravolo,1000.0
CVDrift,sudden_trace_noise5_1000_pm.xes,sudden_trace_noise5_1000_pm.xes,routing,[446],[500],26.217,00:00:26,{},ceravolo,1000.0
CVDrift,sudden_trace_noise5_1000_re.xes,sudden_trace_noise5_1000_re.xes,routing,"[95, 445]",[500],25.338,00:00:25,{},ceravolo,1000.0
CVDrift,sudden_trace_noise5_1000_rp.xes,sudden_trace_noise5_1000_rp.xes,routing,[424],[500],37.112,00:00:37,{},ceravolo,1000.0
CVDrift,sudden_trace_noise5_1000_sw.xes,sudden_trace_noise5_1000_sw.xes,routing,[445],[500],29.769,00:00:29,{},ceravolo,1000.0
CVDrift,Atomic_ConditionalMove_output_ConditionalMove.xes,Atomic_ConditionalMove_output_ConditionalMove.xes,routing,"[940, 1920]","[999, 1999]",368.819,00:06:08,{},ostovar,
CVDrift,Atomic_ConditionalMove_output_ConditionalMove_2.xes,Atomic_ConditionalMove_output_ConditionalMove_2.xes,routing,"[940, 1920]","[999, 1999]",311.482,00:05:11,{},ostovar,
CVDrift,Atomic_ConditionalMove_output_ConditionalMove_5.xes,Atomic_ConditionalMove_output_ConditionalMove_5.xes,routing,"[940, 1920]","[999, 1999]",477.655,00:07:57,{},ostovar,
CVDrift,Atomic_ConditionalRemoval_output_ConditionalRemoval.xes,Atomic_ConditionalRemoval_output_ConditionalRemoval.xes,routing,[],"[999, 1999]",349.607,00:05:49,{},ostovar,
CVDrift,Atomic_ConditionalRemoval_output_ConditionalRemoval_2.xes,Atomic_ConditionalRemoval_output_ConditionalRemoval_2.xes,routing,[],"[999, 1999]",354.187,00:05:54,{},ostovar,
CVDrift,Atomic_ConditionalRemoval_output_ConditionalRemoval_5.xes,Atomic_ConditionalRemoval_output_ConditionalRemoval_5.xes,routing,"[970, 1957]","[999, 1999]",360.881,00:06:00,{},ostovar,
CVDrift,Atomic_ConditionalToSequence_output_ConditionalToSequence.xes,Atomic_ConditionalToSequence_output_ConditionalToSequence.xes,routing,[],"[999, 1999]",373.063,00:06:13,{},ostovar,
CVDrift,Atomic_ConditionalToSequence_output_ConditionalToSequence_2.xes,Atomic_ConditionalToSequence_output_ConditionalToSequence_2.xes,routing,[],"[999, 1999]",327.824,00:05:27,{},ostovar,
CVDrift,Atomic_ConditionalToSequence_output_ConditionalToSequence_5.xes,Atomic_ConditionalToSequence_output_ConditionalToSequence_5.xes,routing,[950],"[999, 1999]",340.107,00:05:40,{},ostovar,
CVDrift,Atomic_Frequency_output_Frequency.xes,Atomic_Frequency_output_Frequency.xes,routing,[],"[999, 1999]",212.859,00:03:32,{},ostovar,
CVDrift,Atomic_Frequency_output_Frequency_2.xes,Atomic_Frequency_output_Frequency_2.xes,routing,[2760],"[999, 1999]",216.076,00:03:36,{},ostovar,
CVDrift,Atomic_Frequency_output_Frequency_5.xes,Atomic_Frequency_output_Frequency_5.xes,routing,"[892, 1910]","[999, 1999]",224.349,00:03:44,{},ostovar,
CVDrift,Atomic_Loop_output_Loop.xes,Atomic_Loop_output_Loop.xes,routing,"[870, 1920]","[999, 1999]",254.304,00:04:14,{},ostovar,
CVDrift,Atomic_Loop_output_Loop_2.xes,Atomic_Loop_output_Loop_2.xes,routing,"[870, 1920]","[999, 1999]",254.54,00:04:14,{},ostovar,
CVDrift,Atomic_Loop_output_Loop_5.xes,Atomic_Loop_output_Loop_5.xes,routing,"[71, 870, 1920]","[999, 1999]",338.964,00:05:38,{},ostovar,
CVDrift,Atomic_ParallelMove_output_ParallelMove.xes,Atomic_ParallelMove_output_ParallelMove.xes,routing,[],"[999, 1999]",405.297,00:06:45,{},ostovar,
CVDrift,Atomic_ParallelMove_output_ParallelMove_2.xes,Atomic_ParallelMove_output_ParallelMove_2.xes,routing,"[920, 1935]","[999, 1999]",422.435,00:07:02,{},ostovar,
CVDrift,Atomic_ParallelMove_output_ParallelMove_5.xes,Atomic_ParallelMove_output_ParallelMove_5.xes,routing,[],"[999, 1999]",531.344,00:08:51,{},ostovar,
CVDrift,Atomic_ParallelRemoval_output_ParallelRemoval.xes,Atomic_ParallelRemoval_output_ParallelRemoval.xes,routing,"[870, 1090, 1920]","[999, 1999]",379.404,00:06:19,{},ostovar,
CVDrift,Atomic_ParallelRemoval_output_ParallelRemoval_2.xes,Atomic_ParallelRemoval_output_ParallelRemoval_2.xes,routing,[],"[999, 1999]",368.988,00:06:08,{},ostovar,
CVDrift,Atomic_ParallelRemoval_output_ParallelRemoval_5.xes,Atomic_ParallelRemoval_output_ParallelRemoval_5.xes,routing,[1090],"[999, 1999]",449.972,00:07:29,{},ostovar,
CVDrift,Atomic_ParallelToSequence_output_ParallelToSequence.xes,Atomic_ParallelToSequence_output_ParallelToSequence.xes,routing,"[942, 1942]","[999, 1999]",400.291,00:06:40,{},ostovar,
CVDrift,Atomic_ParallelToSequence_output_ParallelToSequence_2.xes,Atomic_ParallelToSequence_output_ParallelToSequence_2.xes,routing,"[945, 1942]","[999, 1999]",401.637,00:06:41,{},ostovar,
CVDrift,Atomic_ParallelToSequence_output_ParallelToSequence_5.xes,Atomic_ParallelToSequence_output_ParallelToSequence_5.xes,routing,"[947, 1942]","[999, 1999]",427.181,00:07:07,{},ostovar,
CVDrift,Atomic_SerialMove_output_SerialMove.xes,Atomic_SerialMove_output_SerialMove.xes,routing,[],"[999, 1999]",409.809,00:06:49,{},ostovar,
CVDrift,Atomic_SerialMove_output_SerialMove_2.xes,Atomic_SerialMove_output_SerialMove_2.xes,routing,[],"[999, 1999]",522.212,00:08:42,{},ostovar,
CVDrift,Atomic_SerialMove_output_SerialMove_5.xes,Atomic_SerialMove_output_SerialMove_5.xes,routing,[950],"[999, 1999]",456.488,00:07:36,{},ostovar,
CVDrift,Atomic_SerialRemoval_output_SerialRemoval.xes,Atomic_SerialRemoval_output_SerialRemoval.xes,routing,[],"[999, 1999]",331.852,00:05:31,{},ostovar,
CVDrift,Atomic_SerialRemoval_output_SerialRemoval_2.xes,Atomic_SerialRemoval_output_SerialRemoval_2.xes,routing,[],"[999, 1999]",637.841,00:10:37,{},ostovar,
CVDrift,Atomic_SerialRemoval_output_SerialRemoval_5.xes,Atomic_SerialRemoval_output_SerialRemoval_5.xes,routing,[],"[999, 1999]",788.824,00:13:08,{},ostovar,
CVDrift,Atomic_Skip_output_Skip.xes,Atomic_Skip_output_Skip.xes,routing,[],"[999, 1999]",604.064,00:10:04,{},ostovar,
CVDrift,Atomic_Skip_output_Skip_2.xes,Atomic_Skip_output_Skip_2.xes,routing,[845],"[999, 1999]",924.897,00:15:24,{},ostovar,
CVDrift,Atomic_Skip_output_Skip_5.xes,Atomic_Skip_output_Skip_5.xes,routing,"[1020, 1960]","[999, 1999]",640.829,00:10:40,{},ostovar,
CVDrift,Atomic_Substitute_output_Substitute.xes,Atomic_Substitute_output_Substitute.xes,routing,[],"[999, 1999]",613.625,00:10:13,{},ostovar,
CVDrift,Atomic_Substitute_output_Substitute_2.xes,Atomic_Substitute_output_Substitute_2.xes,routing,[920],"[999, 1999]",386.531,00:06:26,{},ostovar,
CVDrift,Atomic_Substitute_output_Substitute_5.xes,Atomic_Substitute_output_Substitute_5.xes,routing,[],"[999, 1999]",502.699,00:08:22,{},ostovar,
CVDrift,Atomic_Swap_output_Swap.xes,Atomic_Swap_output_Swap.xes,routing,[],"[999, 1999]",719.83,00:11:59,{},ostovar,
CVDrift,Atomic_Swap_output_Swap_2.xes,Atomic_Swap_output_Swap_2.xes,routing,[],"[999, 1999]",452.022,00:07:32,{},ostovar,
CVDrift,Atomic_Swap_output_Swap_5.xes,Atomic_Swap_output_Swap_5.xes,routing,"[950, 1887]","[999, 1999]",552.056,00:09:12,{},ostovar,
CVDrift,Composite_IOR_output_IOR.xes,Composite_IOR_output_IOR.xes,routing,"[870, 1930]","[999, 1999]",458.491,00:07:38,{},ostovar,
CVDrift,Composite_IOR_output_IOR_2.xes,Composite_IOR_output_IOR_2.xes,routing,"[870, 1920]","[999, 1999]",562.251,00:09:22,{},ostovar,
CVDrift,Composite_IOR_output_IOR_5.xes,Composite_IOR_output_IOR_5.xes,routing,[1882],"[999, 1999]",445.497,00:07:25,{},ostovar,
CVDrift,Composite_IRO_output_IRO.xes,Composite_IRO_output_IRO.xes,routing,[],"[999, 1999]",76.667,00:01:16,{},ostovar,
CVDrift,Composite_IRO_output_IRO_2.xes,Composite_IRO_output_IRO_2.xes,routing,[870],"[999, 1999]",84.0,00:01:23,{},ostovar,
CVDrift,Composite_IRO_output_IRO_5.xes,Composite_IRO_output_IRO_5.xes,routing,[882],"[999, 1999]",110.479,00:01:50,{},ostovar,
CVDrift,Composite_OIR_output_OIR.xes,Composite_OIR_output_OIR.xes,routing,[],"[999, 1999]",82.915,00:01:22,{},ostovar,
CVDrift,Composite_OIR_output_OIR_2.xes,Composite_OIR_output_OIR_2.xes,routing,[],"[999, 1999]",92.371,00:01:32,{},ostovar,
CVDrift,Composite_OIR_output_OIR_5.xes,Composite_OIR_output_OIR_5.xes,routing,[],"[999, 1999]",110.849,00:01:50,{},ostovar,
CVDrift,Composite_ORI_output_ORI.xes,Composite_ORI_output_ORI.xes,routing,"[922, 1919]","[999, 1999]",87.774,00:01:27,{},ostovar,
CVDrift,Composite_ORI_output_ORI_2.xes,Composite_ORI_output_ORI_2.xes,routing,"[925, 1900]","[999, 1999]",223.472,00:03:43,{},ostovar,
CVDrift,Composite_ORI_output_ORI_5.xes,Composite_ORI_output_ORI_5.xes,routing,"[930, 1912]","[999, 1999]",463.999,00:07:43,{},ostovar,
CVDrift,Composite_RIO_output_RIO.xes,Composite_RIO_output_RIO.xes,routing,[],"[999, 1999]",354.362,00:05:54,{},ostovar,
CVDrift,Composite_RIO_output_RIO_2.xes,Composite_RIO_output_RIO_2.xes,routing,[],"[999, 1999]",357.26,00:05:57,{},ostovar,
CVDrift,Composite_RIO_output_RIO_5.xes,Composite_RIO_output_RIO_5.xes,routing,[2030],"[999, 1999]",391.034,00:06:31,{},ostovar,
CVDrift,Composite_ROI_output_ROI.xes,Composite_ROI_output_ROI.xes,routing,[],"[999, 1999]",331.549,00:05:31,{},ostovar,
CVDrift,Composite_ROI_output_ROI_2.xes,Composite_ROI_output_ROI_2.xes,routing,[],"[999, 1999]",338.7,00:05:38,{},ostovar,
CVDrift,Composite_ROI_output_ROI_5.xes,Composite_ROI_output_ROI_5.xes,routing,"[870, 1960]","[999, 1999]",355.903,00:05:55,{},ostovar,
CVDrift,Nested_IOR_output_IOR.xes,Nested_IOR_output_IOR.xes,routing,[1890],"[999, 1999]",391.32,00:06:31,{},ostovar,
CVDrift,Nested_IOR_output_IOR_2.xes,Nested_IOR_output_IOR_2.xes,routing,"[920, 1890]","[999, 1999]",404.266,00:06:44,{},ostovar,
CVDrift,Nested_IOR_output_IOR_5.xes,Nested_IOR_output_IOR_5.xes,routing,"[950, 1890]","[999, 1999]",404.526,00:06:44,{},ostovar,
CVDrift,Nested_IRO_output_IRO.xes,Nested_IRO_output_IRO.xes,routing,"[926, 1899]","[999, 1999]",431.636,00:07:11,{},ostovar,
CVDrift,Nested_IRO_output_IRO_2.xes,Nested_IRO_output_IRO_2.xes,routing,"[926, 1897]","[999, 1999]",447.887,00:07:27,{},ostovar,
CVDrift,Nested_IRO_output_IRO_5.xes,Nested_IRO_output_IRO_5.xes,routing,"[950, 1897]","[999, 1999]",446.927,00:07:26,{},ostovar,
CVDrift,Nested_OIR_output_OIR.xes,Nested_OIR_output_OIR.xes,routing,[],"[999, 1999]",285.638,00:04:45,{},ostovar,
CVDrift,Nested_OIR_output_OIR_2.xes,Nested_OIR_output_OIR_2.xes,routing,[],"[999, 1999]",294.927,00:04:54,{},ostovar,
CVDrift,Nested_OIR_output_OIR_5.xes,Nested_OIR_output_OIR_5.xes,routing,[995],"[999, 1999]",340.009,00:05:40,{},ostovar,
CVDrift,Nested_ORI_output_ORI.xes,Nested_ORI_output_ORI.xes,routing,[2830],"[999, 1999]",369.762,00:06:09,{},ostovar,
CVDrift,Nested_ORI_output_ORI_2.xes,Nested_ORI_output_ORI_2.xes,routing,[840],"[999, 1999]",387.16,00:06:27,{},ostovar,
CVDrift,Nested_ORI_output_ORI_5.xes,Nested_ORI_output_ORI_5.xes,routing,"[870, 2872]","[999, 1999]",430.227,00:07:10,{},ostovar,
CVDrift,Nested_RIO_output_RIO.xes,Nested_RIO_output_RIO.xes,routing,[1920],"[999, 1999]",351.772,00:05:51,{},ostovar,
CVDrift,Nested_RIO_output_RIO_2.xes,Nested_RIO_output_RIO_2.xes,routing,"[940, 1920]","[999, 1999]",366.534,00:06:06,{},ostovar,
CVDrift,Nested_RIO_output_RIO_5.xes,Nested_RIO_output_RIO_5.xes,routing,"[132, 942, 1920]","[999, 1999]",393.884,00:06:33,{},ostovar,
CVDrift,Nested_ROI_output_ROI.xes,Nested_ROI_output_ROI.xes,routing,"[1930, 2878]","[999, 1999]",297.196,00:04:57,{},ostovar,
CVDrift,Nested_ROI_output_ROI_2.xes,Nested_ROI_output_ROI_2.xes,routing,"[942, 1905]","[999, 1999]",302.644,00:05:02,{},ostovar,
CVDrift,Nested_ROI_output_ROI_5.xes,Nested_ROI_output_ROI_5.xes,routing,"[945, 1936]","[999, 1999]",324.847,00:05:24,{},ostovar,
